Email,Name,DOB,ImageFilename
udit@tempemail.com,Udit Mahajan,16/06/2023,C:\\logo.PNG
udit@tempemail.com,Udit Mahajan,17/06/2023,C:\\logo.PNG
udit@tempemail.com,Udit Mahajan,18/06/2023,C:\\logo.PNG
udit@tempemail.com,Udit Mahajan,19/06/2023,C:\\logo.PNG
udit@tempemail.com,Udit Mahajan,20/06/2023,C:\\logo.PNG
udit@tempemail.com,Udit Mahajan,21/06/2023,C:\\logo.PNG
udit@tempemail.com,Udit Mahajan,22/06/2023,C:\\logo.PNG
udit@tempemail.com,Udit Mahajan,23/06/2023,C:\\logo.PNG
udit@tempemail.com,Udit Mahajan,24/06/2023,C:\\logo.PNG
